{
  "assetsByChunkName": {
    "bundle": "bundle-03bfdcc7e0cc33388223.js",
    "site--pages-hello-js": [
      "site--pages-hello-js.00e2ea2f3c1c4a6d7823.css",
      "site--pages-hello-js-00e2ea2f3c1c4a6d7823.js",
      "site--pages-hello-js.00e2ea2f3c1c4a6d7823.css.map"
    ],
    "site--pages-index-js": [
      "site--pages-index-js.a02d09679f52308f6c95.css",
      "site--pages-index-js-a02d09679f52308f6c95.js",
      "site--pages-index-js.a02d09679f52308f6c95.css.map"
    ],
    "site--pages-movies-js": [
      "site--pages-movies-js.66b279a8e52ab840ea7c.css",
      "site--pages-movies-js-66b279a8e52ab840ea7c.js",
      "site--pages-movies-js.66b279a8e52ab840ea7c.css.map"
    ],
    "site--pages-msg-js": [
      "site--pages-msg-js.1352dfe759c62a7f862d.css",
      "site--pages-msg-js-1352dfe759c62a7f862d.js",
      "site--pages-msg-js.1352dfe759c62a7f862d.css.map"
    ]
  }
}