{
  "assetsByChunkName": {
    "bundle": "bundle-1b36b7f84e7a4a1d1d4d.js",
    "site--pages-hello-js": [
      "site--pages-hello-js.ec8b09a04af1390e5f78.css",
      "site--pages-hello-js-ec8b09a04af1390e5f78.js",
      "site--pages-hello-js.ec8b09a04af1390e5f78.css.map"
    ],
    "site--pages-index-js": [
      "site--pages-index-js.46531058f81421f7e698.css",
      "site--pages-index-js-46531058f81421f7e698.js",
      "site--pages-index-js.46531058f81421f7e698.css.map"
    ],
    "site--pages-movies-js": [
      "site--pages-movies-js.da7a16f3139e7018be0c.css",
      "site--pages-movies-js-da7a16f3139e7018be0c.js",
      "site--pages-movies-js.da7a16f3139e7018be0c.css.map"
    ],
    "site--pages-msg-js": [
      "site--pages-msg-js.72afcac069209eb0d496.css",
      "site--pages-msg-js-72afcac069209eb0d496.js",
      "site--pages-msg-js.72afcac069209eb0d496.css.map"
    ]
  }
}