{
  "assetsByChunkName": {
    "bundle": "bundle-80c9478456be5647a617.js",
    "site--pages-hello-js": [
      "site--pages-hello-js.caa5df5249fda2e8af89.css",
      "site--pages-hello-js-caa5df5249fda2e8af89.js",
      "site--pages-hello-js.caa5df5249fda2e8af89.css.map"
    ],
    "site--pages-index-js": [
      "site--pages-index-js.9ac00e0d14eaccf4d424.css",
      "site--pages-index-js-9ac00e0d14eaccf4d424.js",
      "site--pages-index-js.9ac00e0d14eaccf4d424.css.map"
    ],
    "site--pages-movies-js": [
      "site--pages-movies-js.b4faffaab26ea5e33679.css",
      "site--pages-movies-js-b4faffaab26ea5e33679.js",
      "site--pages-movies-js.b4faffaab26ea5e33679.css.map"
    ],
    "site--pages-msg-js": [
      "site--pages-msg-js.9b1fbf3a58f6a6d94744.css",
      "site--pages-msg-js-9b1fbf3a58f6a6d94744.js",
      "site--pages-msg-js.9b1fbf3a58f6a6d94744.css.map"
    ]
  }
}